Product_Name,Product_Price,Off,Product_Rating,Solds,Local,Original_Price
[Receptor Portátil De Controle Remoto Sem Fio De 3 Pinos XLR Para Máquina De Nevoeiro Novo,"40,12",-75%,4.4,90 vendidos,Internacional,160.48
2222lr/. 1777 Cal/9mm 38SL/223 Colimador Laser Vermelho t Barril Final,"76,98",-48%,4.1,21 vendidos,Internacional,148.0384615384615
Novo Kit Universal De Controle Remoto Da Lâmpada Do Ventilador De Teto AC 110-240V Interruptor De Temporização Transmissor De Velocidade Vento Ajustado Receptor,"41,27",-38%,4.7,61 vendidos,Internacional,66.56451612903227
"SUHU 200Pcs Botão De Pressão Tátil , Mini Interruptor Micro Momentâneo De 4 Pinos , Kit Sortimento De 6x6 mm De Toque Placa De Circuito Eletrônico","32,90",-69%,4.8,90 vendidos,Internacional,106.1290322580645
Tuya WiFi 1 2 Gangue 80A Medidor De Energia Inteligente Com Grampo De Sensor De Corrente Monitor Elétrica De Controle De Vida Estatísticas Equipamento,"88,20",-30%,5.0,25 vendidos,Internacional,126.0
Zemismart Tuya Zigbee Push Wall Light Switches 6 Gangues Com Neutro Controle De Aplicativos Alexa Google Home Smartthings,"173,01",-11%,5.0,28 vendidos,Internacional,194.3932584269663
Novo H69A73 Substituição De Controle Remoto De Voz Para O Amazon Fire TV Stick Lite Com,"34,99",-75%,4.8,72 vendidos,Internacional,139.96
A10 mini Projetor HD Portátil De Qualidade De Imagem Multifuncional Compatível Com Um Estande,"438,00", ,4.6,"2,6mil vendidos",Internacional,438.0
Removedor Papa Bolinhas Pelos Elétrico Para Roupas Recarregável Super Prático,"24,99",-44%,4.8,111 vendidos,São Paulo,44.62499999999999
2.4G Rato Sem Fio MX3 Air Mouse Mini Teclado Controle Remoto De Voz Com Luz De Fundo Aprendizagem IR Para PC Android TV Box,"34,80",-32%,4.6,38 vendidos,Internacional,51.1764705882353
"Peça De Substituição De Lâmina Cruzada Compatível Com Magic-(Série 250W , MB1001) De Aço Inoxidável","37,87",-19%,4.8,67 vendidos,Internacional,46.75308641975308
Projetor Portátil Pocket HD 1080P Led Home Mini YG300 Vídeo Lumens Sistema de Home Theater Para Celular Compatível Com HDMI USB Audio Home Media Player Beamer,"119,80",-35%,4.5,"5,4mil vendidos",Internacional,184.3076923076923
SMATRUL Tuya Smart Wifi Controle Remoto Infravermelho IR Com Tempo Ar Condicionado Tv Dvd Voice Home Alexa E Google Assistant,"44,94",-28%,4.9,45 vendidos,Internacional,62.41666666666666
Aspirador De Pó Usb Portátil Completo Linha Premium Carro E Casa 2000mAh,"33,50",-44%,4.3,54 vendidos,São Paulo,59.82142857142856
Idealistas Xícaras De Café E Pires Suporte Para 6 6 Placas Canecas Modernas Duráveis Bancada Nice,"38,16",-62%,4.1,14 vendidos,Internacional,100.4210526315789
